{"cameraMode":{"drawMode":0,"name":"Shaded","section":"Shading Mode"},"sceneLighting":false,"audioPlay":false,"sceneViewState":{"showFog":true,"showMaterialUpdate":false,"showSkybox":true,"showFlares":true,"showImageEffects":true,"showParticleSystems":true},"in2DMode":false,"pivot":{"x":-0.20920252799987794,"y":1.1441634893417359,"z":-1.9537549018859864},"rotation":{"x":-0.08345764875411987,"y":0.9028142094612122,"z":-0.20407748222351075,"w":-0.36920681595802309},"size":2.8578836917877199,"orthographic":false}