{"cameraMode":{"drawMode":0,"name":"Shaded","section":"Shading Mode"},"sceneLighting":true,"audioPlay":false,"sceneViewState":{"showFog":true,"showMaterialUpdate":false,"showSkybox":true,"showFlares":true,"showImageEffects":true,"showParticleSystems":true},"in2DMode":false,"pivot":{"x":0.373541921377182,"y":1.0037904977798463,"z":-2.9885549545288088},"rotation":{"x":-0.08351156860589981,"y":0.9020072817802429,"z":-0.20247341692447663,"w":-0.3720393180847168},"size":5.218725204467773,"orthographic":false}